{
    "click_prob": [
        0.1,
        0.16,
        0.28,
        0.52,
        1.0
    ],
    "eta": 2.0,
    "exam_prob": [
        0.4624000000000001,
        0.3721,
        0.2304,
        0.11560000000000002,
        0.07840000000000001,
        0.04000000000000001,
        0.0121,
        0.010000000000000002,
        0.0064,
        0.0036
    ],
    "model_name": "position_biased_model"
}